<?xml version="1.0" encoding="UTF-8" standalone="yes"?>
<ns2:ExportManifest xmlns:ns2="http://www.pentaho.com/schema/">
    <ExportManifestInformation exportDate="05-07-2017 02:11:42 CEST" exportBy="admin" rootFolder="/public/" manifestVersion="2"/>
    <ExportManifestEntity path="CDA_Demo">
        <ExportManifestProperty>
            <EntityMetaData name="CDA_Demo" createdDate="2017-07-05T14:03:05.668+02:00" isFolder="true" path="CDA_Demo" isHidden="false" isSchedulable="false" locale="en_US" title="CDA_Demo"/>
        </ExportManifestProperty>
        <ExportManifestProperty>
            <EntityAcl>
                <entriesInheriting>true</entriesInheriting>
                <owner>admin</owner>
                <ownerType>USER</ownerType>
            </EntityAcl>
        </ExportManifestProperty>
    </ExportManifestEntity>
    <ExportManifestEntity path="CDA_Demo/CDA_Demo.cda">
        <ExportManifestProperty>
            <EntityMetaData name="CDA_Demo.cda" createdDate="2017-07-05T14:04:23.799+02:00" isFolder="false" path="CDA_Demo/CDA_Demo.cda" isHidden="false" isSchedulable="true" locale="en_US" title="CDA_Demo.cda"/>
        </ExportManifestProperty>
        <ExportManifestProperty>
            <EntityAcl>
                <entriesInheriting>true</entriesInheriting>
                <owner>admin</owner>
                <ownerType>USER</ownerType>
            </EntityAcl>
        </ExportManifestProperty>
    </ExportManifestEntity>
    <ExportManifestEntity path="CDA_Demo/CDA_Demo.cdfde">
        <ExportManifestProperty>
            <EntityMetaData name="CDA_Demo.cdfde" createdDate="2017-07-05T14:04:23.668+02:00" isFolder="false" path="CDA_Demo/CDA_Demo.cdfde" isHidden="false" isSchedulable="true" locale="en_US" title="CDA_Demo.cdfde"/>
        </ExportManifestProperty>
        <ExportManifestProperty>
            <EntityAcl>
                <entriesInheriting>true</entriesInheriting>
                <owner>admin</owner>
                <ownerType>USER</ownerType>
            </EntityAcl>
        </ExportManifestProperty>
    </ExportManifestEntity>
    <ExportManifestEntity path="CDA_Demo/CDA_Demo.wcdf">
        <ExportManifestProperty>
            <EntityMetaData name="CDA_Demo.wcdf" createdDate="2017-07-05T14:04:23.640+02:00" isFolder="false" path="CDA_Demo/CDA_Demo.wcdf" isHidden="false" isSchedulable="true" locale="en_US" description="CDA_Demo" title="CDA_Demo"/>
        </ExportManifestProperty>
        <ExportManifestProperty>
            <EntityAcl>
                <entriesInheriting>true</entriesInheriting>
                <owner>admin</owner>
                <ownerType>USER</ownerType>
            </EntityAcl>
        </ExportManifestProperty>
    </ExportManifestEntity>
</ns2:ExportManifest>
